USE meteor_movie;

-- =========================================
-- DEMO MOVIES (ADD 30) 9021 ~ 9050
-- =========================================
INSERT INTO movie
(id, title, alias, intro, duration_min, release_date, status, create_time, update_time, create_by, update_by, deleted)
VALUES
    (9000000000000000021,'恐怖缓存','Horror Cache','你以为是鬼片，其实是缓存穿透。',101,'2025-01-13',2,NOW(),NOW(),1,1,0),
    (9000000000000000022,'幽灵线程','Ghost Thread','线程没停，夜也别想停。',109,'2025-02-01',2,NOW(),NOW(),1,1,0),
    (9000000000000000023,'死锁之吻','Deadlock Kiss','两个人互相等待，直到世界下线。',112,'2025-02-14',2,NOW(),NOW(),1,1,0),
    (9000000000000000024,'回滚影院','Rollback Cinema','这场电影看完会自动回到开头。',96,'2025-03-01',2,NOW(),NOW(),1,1,0),
    (9000000000000000025,'异步情书','Async Love','消息晚到，但爱不重试。',104,'2025-03-08',2,NOW(),NOW(),1,1,0),
    (9000000000000000026,'网关之门','Gateway Gate','所有人都得排队过审。',117,'2025-03-15',2,NOW(),NOW(),1,1,0),
    (9000000000000000027,'深夜告警','Midnight Alert','告警不是问题，没人处理才是。',99,'2025-03-21',2,NOW(),NOW(),1,1,0),
    (9000000000000000028,'影厅逃生','Hall Escape','电影没看完，先找出口。',108,'2025-04-01',2,NOW(),NOW(),1,1,0),
    (9000000000000000029,'热度骗局','Heat Scam','热度很高，内容很空。',93,'2025-04-07',2,NOW(),NOW(),1,1,0),
    (9000000000000000030,'失效令牌','Expired Token','登录成功三秒后，人生失效。',90,'2025-04-11',2,NOW(),NOW(),1,1,0),

    (9000000000000000031,'幻想分库','Shard Fantasy','分库分表后，梦也被拆散。',128,'2025-04-20',2,NOW(),NOW(),1,1,0),
    (9000000000000000032,'冒险超时','Timeout Adventure','走到一半超时了，请重试人生。',122,'2025-05-01',2,NOW(),NOW(),1,1,0),
    (9000000000000000033,'战场压测','Loadtest War','一万请求进攻，服务器投降。',131,'2025-05-08',2,NOW(),NOW(),1,1,0),
    (9000000000000000034,'动画补丁','Patch Animation','修复一个 bug，新增三段剧情。',88,'2025-05-20',2,NOW(),NOW(),1,1,0),
    (9000000000000000035,'喜剧空指针','Null Pointer Comedy','笑点在 null，泪点也在 null。',97,'2025-06-01',2,NOW(),NOW(),1,1,0),
    (9000000000000000036,'犯罪日志','Crime Log','证据在日志里，但你没开 debug。',115,'2025-06-12',2,NOW(),NOW(),1,1,0),
    (9000000000000000037,'战争部署','Deploy War','发布不是结束，是战斗开始。',124,'2025-06-18',2,NOW(),NOW(),1,1,0),
    (9000000000000000038,'家庭路由器','Family Router','家里网一断，全家情绪上线。',92,'2025-06-25',2,NOW(),NOW(),1,1,0),
    (9000000000000000039,'惊悚重连','Reconnect Thriller','断线不可怕，可怕的是无限重连。',103,'2025-07-01',2,NOW(),NOW(),1,1,0),
    (9000000000000000040,'奇幻文档','Doc Fantasy','文档写着能用，现实说不行。',106,'2025-07-07',2,NOW(),NOW(),1,1,0),

    (9000000000000000041,'纪录片：一次提交','Docu: One Commit','记录一个人如何把“提交完就睡”说了 300 次。',84,'2025-07-12',2,NOW(),NOW(),1,1,0),
    (9000000000000000042,'爱情重试','Retry Romance','失败没关系，爱情可以重试。',111,'2025-07-18',2,NOW(),NOW(),1,1,0),
    (9000000000000000043,'科幻同步','Sync Sci-Fi','强一致的未来，比鬼更吓人。',119,'2025-07-25',2,NOW(),NOW(),1,1,0),
    (9000000000000000044,'动作回调','Callback Action','一拳打完，回调还没执行。',98,'2025-08-01',2,NOW(),NOW(),1,1,0),
    (9000000000000000045,'冒险分页','Paging Adventure','翻过一页，世界就变了。',123,'2025-08-08',2,NOW(),NOW(),1,1,0),
    (9000000000000000046,'恐怖异常','Horror Exception','异常不是吓人，吞掉异常才吓人。',95,'2025-08-14',2,NOW(),NOW(),1,1,0),
    (9000000000000000047,'剧情补偿','Compensation Drama','消息失败的那一刻，人生开始补偿。',116,'2025-08-20',2,NOW(),NOW(),1,1,0),
    (9000000000000000048,'喜剧降级','Fallback Comedy','没数据就降级，没未来就开摆。',89,'2025-08-28',2,NOW(),NOW(),1,1,0),
    (9000000000000000049,'悬疑幂等','Idempotent Mystery','你以为没处理，其实已经处理过了。',107,'2025-09-01',2,NOW(),NOW(),1,1,0),
    (9000000000000000050,'战争回滚','Rollback War','撤退不丢人，不回滚才丢人。',130,'2025-09-10',2,NOW(),NOW(),1,1,0)
    ON DUPLICATE KEY UPDATE id=id;

-- =========================================
-- DEMO MOVIE-CATEGORY REL (ADD 30*3 = 90)
-- id: 9100000000000000061 ~ 9150
-- category_id 固定 1..15
-- =========================================
INSERT INTO movie_category_rel
(id, movie_id, category_id, create_time, update_time, create_by, update_by, deleted)
VALUES
    (9100000000000000061,9000000000000000021,9,NOW(),NOW(),1,1,0),
    (9100000000000000062,9000000000000000021,5,NOW(),NOW(),1,1,0),
    (9100000000000000063,9000000000000000021,8,NOW(),NOW(),1,1,0),

    (9100000000000000064,9000000000000000022,8,NOW(),NOW(),1,1,0),
    (9100000000000000065,9000000000000000022,5,NOW(),NOW(),1,1,0),
    (9100000000000000066,9000000000000000022,7,NOW(),NOW(),1,1,0),

    (9100000000000000067,9000000000000000023,3,NOW(),NOW(),1,1,0),
    (9100000000000000068,9000000000000000023,7,NOW(),NOW(),1,1,0),
    (9100000000000000069,9000000000000000023,10,NOW(),NOW(),1,1,0),

    (9100000000000000070,9000000000000000024,7,NOW(),NOW(),1,1,0),
    (9100000000000000071,9000000000000000024,10,NOW(),NOW(),1,1,0),
    (9100000000000000072,9000000000000000024,5,NOW(),NOW(),1,1,0),

    (9100000000000000073,9000000000000000025,3,NOW(),NOW(),1,1,0),
    (9100000000000000074,9000000000000000025,6,NOW(),NOW(),1,1,0),
    (9100000000000000075,9000000000000000025,7,NOW(),NOW(),1,1,0),

    (9100000000000000076,9000000000000000026,1,NOW(),NOW(),1,1,0),
    (9100000000000000077,9000000000000000026,2,NOW(),NOW(),1,1,0),
    (9100000000000000078,9000000000000000026,12,NOW(),NOW(),1,1,0),

    (9100000000000000079,9000000000000000027,10,NOW(),NOW(),1,1,0),
    (9100000000000000080,9000000000000000027,7,NOW(),NOW(),1,1,0),
    (9100000000000000081,9000000000000000027,14,NOW(),NOW(),1,1,0),

    (9100000000000000082,9000000000000000028,12,NOW(),NOW(),1,1,0),
    (9100000000000000083,9000000000000000028,1,NOW(),NOW(),1,1,0),
    (9100000000000000084,9000000000000000028,5,NOW(),NOW(),1,1,0),

    (9100000000000000085,9000000000000000029,10,NOW(),NOW(),1,1,0),
    (9100000000000000086,9000000000000000029,7,NOW(),NOW(),1,1,0),
    (9100000000000000087,9000000000000000029,14,NOW(),NOW(),1,1,0),

    (9100000000000000088,9000000000000000030,1,NOW(),NOW(),1,1,0),
    (9100000000000000089,9000000000000000030,10,NOW(),NOW(),1,1,0),
    (9100000000000000090,9000000000000000030,7,NOW(),NOW(),1,1,0),

    (9100000000000000091,9000000000000000031,2,NOW(),NOW(),1,1,0),
    (9100000000000000092,9000000000000000031,13,NOW(),NOW(),1,1,0),
    (9100000000000000093,9000000000000000031,12,NOW(),NOW(),1,1,0),

    (9100000000000000094,9000000000000000032,12,NOW(),NOW(),1,1,0),
    (9100000000000000095,9000000000000000032,2,NOW(),NOW(),1,1,0),
    (9100000000000000096,9000000000000000032,1,NOW(),NOW(),1,1,0),

    (9100000000000000097,9000000000000000033,11,NOW(),NOW(),1,1,0),
    (9100000000000000098,9000000000000000033,1,NOW(),NOW(),1,1,0),
    (9100000000000000099,9000000000000000033,7,NOW(),NOW(),1,1,0),

    (9100000000000000100,9000000000000000034,4,NOW(),NOW(),1,1,0),
    (9100000000000000101,9000000000000000034,13,NOW(),NOW(),1,1,0),
    (9100000000000000102,9000000000000000034,15,NOW(),NOW(),1,1,0),

    (9100000000000000103,9000000000000000035,6,NOW(),NOW(),1,1,0),
    (9100000000000000104,9000000000000000035,7,NOW(),NOW(),1,1,0),
    (9100000000000000105,9000000000000000035,3,NOW(),NOW(),1,1,0),

    (9100000000000000106,9000000000000000036,10,NOW(),NOW(),1,1,0),
    (9100000000000000107,9000000000000000036,5,NOW(),NOW(),1,1,0),
    (9100000000000000108,9000000000000000036,14,NOW(),NOW(),1,1,0),

    (9100000000000000109,9000000000000000037,11,NOW(),NOW(),1,1,0),
    (9100000000000000110,9000000000000000037,7,NOW(),NOW(),1,1,0),
    (9100000000000000111,9000000000000000037,1,NOW(),NOW(),1,1,0),

    (9100000000000000112,9000000000000000038,15,NOW(),NOW(),1,1,0),
    (9100000000000000113,9000000000000000038,6,NOW(),NOW(),1,1,0),
    (9100000000000000114,9000000000000000038,7,NOW(),NOW(),1,1,0),

    (9100000000000000115,9000000000000000039,8,NOW(),NOW(),1,1,0),
    (9100000000000000116,9000000000000000039,5,NOW(),NOW(),1,1,0),
    (9100000000000000117,9000000000000000039,10,NOW(),NOW(),1,1,0),

    (9100000000000000118,9000000000000000040,13,NOW(),NOW(),1,1,0),
    (9100000000000000119,9000000000000000040,12,NOW(),NOW(),1,1,0),
    (9100000000000000120,9000000000000000040,2,NOW(),NOW(),1,1,0),

    (9100000000000000121,9000000000000000041,14,NOW(),NOW(),1,1,0),
    (9100000000000000122,9000000000000000041,7,NOW(),NOW(),1,1,0),
    (9100000000000000123,9000000000000000041,15,NOW(),NOW(),1,1,0),

    (9100000000000000124,9000000000000000042,3,NOW(),NOW(),1,1,0),
    (9100000000000000125,9000000000000000042,7,NOW(),NOW(),1,1,0),
    (9100000000000000126,9000000000000000042,6,NOW(),NOW(),1,1,0),

    (9100000000000000127,9000000000000000043,2,NOW(),NOW(),1,1,0),
    (9100000000000000128,9000000000000000043,1,NOW(),NOW(),1,1,0),
    (9100000000000000129,9000000000000000043,12,NOW(),NOW(),1,1,0),

    (9100000000000000130,9000000000000000044,1,NOW(),NOW(),1,1,0),
    (9100000000000000131,9000000000000000044,7,NOW(),NOW(),1,1,0),
    (9100000000000000132,9000000000000000044,12,NOW(),NOW(),1,1,0),

    (9100000000000000133,9000000000000000045,12,NOW(),NOW(),1,1,0),
    (9100000000000000134,9000000000000000045,13,NOW(),NOW(),1,1,0),
    (9100000000000000135,9000000000000000045,2,NOW(),NOW(),1,1,0),

    (9100000000000000136,9000000000000000046,9,NOW(),NOW(),1,1,0),
    (9100000000000000137,9000000000000000046,8,NOW(),NOW(),1,1,0),
    (9100000000000000138,9000000000000000046,5,NOW(),NOW(),1,1,0),

    (9100000000000000139,9000000000000000047,7,NOW(),NOW(),1,1,0),
    (9100000000000000140,9000000000000000047,10,NOW(),NOW(),1,1,0),
    (9100000000000000141,9000000000000000047,14,NOW(),NOW(),1,1,0),

    (9100000000000000142,9000000000000000048,6,NOW(),NOW(),1,1,0),
    (9100000000000000143,9000000000000000048,7,NOW(),NOW(),1,1,0),
    (9100000000000000144,9000000000000000048,15,NOW(),NOW(),1,1,0),

    (9100000000000000145,9000000000000000049,5,NOW(),NOW(),1,1,0),
    (9100000000000000146,9000000000000000049,10,NOW(),NOW(),1,1,0),
    (9100000000000000147,9000000000000000049,7,NOW(),NOW(),1,1,0),

    (9100000000000000148,9000000000000000050,11,NOW(),NOW(),1,1,0),
    (9100000000000000149,9000000000000000050,1,NOW(),NOW(),1,1,0),
    (9100000000000000150,9000000000000000050,7,NOW(),NOW(),1,1,0)
    ON DUPLICATE KEY UPDATE id=id;

-- =========================================
-- DEMO MEDIA ASSET (POSTER) ADD 30
-- id: 9200000000000000021 ~ 9250
-- =========================================
INSERT INTO media_asset
(id, biz_type, biz_id, object_key, kind, sort, create_time, update_time, create_by, update_by, deleted)
VALUES
    (9200000000000000021,1,9000000000000000021,'movie/poster/20260202/poster.png',1,0,NOW(),NOW(),1,1,0),
    (9200000000000000022,1,9000000000000000022,'movie/poster/20260202/poster.png',1,0,NOW(),NOW(),1,1,0),
    (9200000000000000023,1,9000000000000000023,'movie/poster/20260202/poster.png',1,0,NOW(),NOW(),1,1,0),
    (9200000000000000024,1,9000000000000000024,'movie/poster/20260202/poster.png',1,0,NOW(),NOW(),1,1,0),
    (9200000000000000025,1,9000000000000000025,'movie/poster/20260202/poster.png',1,0,NOW(),NOW(),1,1,0),
    (9200000000000000026,1,9000000000000000026,'movie/poster/20260202/poster.png',1,0,NOW(),NOW(),1,1,0),
    (9200000000000000027,1,9000000000000000027,'movie/poster/20260202/poster.png',1,0,NOW(),NOW(),1,1,0),
    (9200000000000000028,1,9000000000000000028,'movie/poster/20260202/poster.png',1,0,NOW(),NOW(),1,1,0),
    (9200000000000000029,1,9000000000000000029,'movie/poster/20260202/poster.png',1,0,NOW(),NOW(),1,1,0),
    (9200000000000000030,1,9000000000000000030,'movie/poster/20260202/poster.png',1,0,NOW(),NOW(),1,1,0),

    (9200000000000000031,1,9000000000000000031,'movie/poster/20260202/poster.png',1,0,NOW(),NOW(),1,1,0),
    (9200000000000000032,1,9000000000000000032,'movie/poster/20260202/poster.png',1,0,NOW(),NOW(),1,1,0),
    (9200000000000000033,1,9000000000000000033,'movie/poster/20260202/poster.png',1,0,NOW(),NOW(),1,1,0),
    (9200000000000000034,1,9000000000000000034,'movie/poster/20260202/poster.png',1,0,NOW(),NOW(),1,1,0),
    (9200000000000000035,1,9000000000000000035,'movie/poster/20260202/poster.png',1,0,NOW(),NOW(),1,1,0),
    (9200000000000000036,1,9000000000000000036,'movie/poster/20260202/poster.png',1,0,NOW(),NOW(),1,1,0),
    (9200000000000000037,1,9000000000000000037,'movie/poster/20260202/poster.png',1,0,NOW(),NOW(),1,1,0),
    (9200000000000000038,1,9000000000000000038,'movie/poster/20260202/poster.png',1,0,NOW(),NOW(),1,1,0),
    (9200000000000000039,1,9000000000000000039,'movie/poster/20260202/poster.png',1,0,NOW(),NOW(),1,1,0),
    (9200000000000000040,1,9000000000000000040,'movie/poster/20260202/poster.png',1,0,NOW(),NOW(),1,1,0),

    (9200000000000000041,1,9000000000000000041,'movie/poster/20260202/poster.png',1,0,NOW(),NOW(),1,1,0),
    (9200000000000000042,1,9000000000000000042,'movie/poster/20260202/poster.png',1,0,NOW(),NOW(),1,1,0),
    (9200000000000000043,1,9000000000000000043,'movie/poster/20260202/poster.png',1,0,NOW(),NOW(),1,1,0),
    (9200000000000000044,1,9000000000000000044,'movie/poster/20260202/poster.png',1,0,NOW(),NOW(),1,1,0),
    (9200000000000000045,1,9000000000000000045,'movie/poster/20260202/poster.png',1,0,NOW(),NOW(),1,1,0),
    (9200000000000000046,1,9000000000000000046,'movie/poster/20260202/poster.png',1,0,NOW(),NOW(),1,1,0),
    (9200000000000000047,1,9000000000000000047,'movie/poster/20260202/poster.png',1,0,NOW(),NOW(),1,1,0),
    (9200000000000000048,1,9000000000000000048,'movie/poster/20260202/poster.png',1,0,NOW(),NOW(),1,1,0),
    (9200000000000000049,1,9000000000000000049,'movie/poster/20260202/poster.png',1,0,NOW(),NOW(),1,1,0),
    (9200000000000000050,1,9000000000000000050,'movie/poster/20260202/poster.png',1,0,NOW(),NOW(),1,1,0)
    ON DUPLICATE KEY UPDATE id=id;



USE meteor_ticketing;

-- =========================================
-- DEMO SCREENINGS (ADD 30) 0021 ~ 0050
-- =========================================
INSERT INTO screening
(id, merchant_id, movie_id,
 start_time, end_time,
 sale_start_time, sale_end_time,
 status, sale_mode,
 base_price, min_price, max_price,
 total_tickets, available_tickets, sold_tickets,
 hot_score, version,
 create_time, update_time, create_by, update_by, deleted)
VALUES
    (8000000000000000021,1,9000000000000000021, NOW() + INTERVAL 21 DAY, NOW() + INTERVAL 21 DAY + INTERVAL 2 HOUR, NOW() - INTERVAL 15 MINUTE, NULL, 2,1, 3600,2600,4600, 80,55,25, 0,0, NOW(),NOW(),1,1,0),
    (8000000000000000022,1,9000000000000000022, NOW() + INTERVAL 22 DAY, NOW() + INTERVAL 22 DAY + INTERVAL 2 HOUR, NOW() + INTERVAL 2 HOUR, NULL, 1,1, 4200,3200,5200, 90,90,0, 0,0, NOW(),NOW(),1,1,0),
    (8000000000000000023,1,9000000000000000023, NOW() + INTERVAL 23 DAY, NOW() + INTERVAL 23 DAY + INTERVAL 2 HOUR, NOW() - INTERVAL 40 MINUTE, NULL, 2,1, 4900,3900,5900, 100,70,30, 0,0, NOW(),NOW(),1,1,0),
    (8000000000000000024,1,9000000000000000024, NOW() + INTERVAL 24 DAY, NOW() + INTERVAL 24 DAY + INTERVAL 2 HOUR, NOW() + INTERVAL 6 HOUR, NULL, 1,1, 3800,2800,4800, 90,90,0, 0,0, NOW(),NOW(),1,1,0),
    (8000000000000000025,1,9000000000000000025, NOW() + INTERVAL 25 DAY, NOW() + INTERVAL 25 DAY + INTERVAL 2 HOUR, NOW() - INTERVAL 2 HOUR, NULL, 2,1, 4100,3100,5100, 120,40,80, 0,0, NOW(),NOW(),1,1,0),

    (8000000000000000026,1,9000000000000000026, NOW() + INTERVAL 26 DAY, NOW() + INTERVAL 26 DAY + INTERVAL 2 HOUR, NOW() + INTERVAL 1 DAY, NULL, 1,1, 5600,4600,6600, 110,110,0, 0,0, NOW(),NOW(),1,1,0),
    (8000000000000000027,1,9000000000000000027, NOW() + INTERVAL 27 DAY, NOW() + INTERVAL 27 DAY + INTERVAL 2 HOUR, NOW() - INTERVAL 10 MINUTE, NULL, 2,1, 3300,2300,4300, 70,35,35, 0,0, NOW(),NOW(),1,1,0),
    (8000000000000000028,1,9000000000000000028, NOW() + INTERVAL 28 DAY, NOW() + INTERVAL 28 DAY + INTERVAL 2 HOUR, NOW() + INTERVAL 3 HOUR, NULL, 1,1, 5200,4200,6200, 80,80,0, 0,0, NOW(),NOW(),1,1,0),
    (8000000000000000029,1,9000000000000000029, NOW() + INTERVAL 29 DAY, NOW() + INTERVAL 29 DAY + INTERVAL 2 HOUR, NOW() - INTERVAL 1 HOUR, NULL, 2,1, 4000,3000,5000, 100,65,35, 0,0, NOW(),NOW(),1,1,0),
    (8000000000000000030,1,9000000000000000030, NOW() + INTERVAL 30 DAY, NOW() + INTERVAL 30 DAY + INTERVAL 2 HOUR, NOW() + INTERVAL 8 HOUR, NULL, 1,1, 3700,2700,4700, 80,80,0, 0,0, NOW(),NOW(),1,1,0),

    (8000000000000000031,1,9000000000000000031, NOW() + INTERVAL 31 DAY, NOW() + INTERVAL 31 DAY + INTERVAL 2 HOUR, NOW() - INTERVAL 30 MINUTE, NULL, 2,1, 5900,4900,6900, 150,120,30, 0,0, NOW(),NOW(),1,1,0),
    (8000000000000000032,1,9000000000000000032, NOW() + INTERVAL 32 DAY, NOW() + INTERVAL 32 DAY + INTERVAL 2 HOUR, NOW() + INTERVAL 12 HOUR, NULL, 1,1, 4800,3800,5800, 110,110,0, 0,0, NOW(),NOW(),1,1,0),
    (8000000000000000033,1,9000000000000000033, NOW() + INTERVAL 33 DAY, NOW() + INTERVAL 33 DAY + INTERVAL 2 HOUR, NOW() - INTERVAL 20 MINUTE, NULL, 2,1, 6700,5700,7700, 200,140,60, 0,0, NOW(),NOW(),1,1,0),
    (8000000000000000034,1,9000000000000000034, NOW() + INTERVAL 34 DAY, NOW() + INTERVAL 34 DAY + INTERVAL 2 HOUR, NOW() + INTERVAL 1 DAY, NULL, 1,1, 3200,2200,4200, 90,90,0, 0,0, NOW(),NOW(),1,1,0),
    (8000000000000000035,1,9000000000000000035, NOW() + INTERVAL 35 DAY, NOW() + INTERVAL 35 DAY + INTERVAL 2 HOUR, NOW() - INTERVAL 45 MINUTE, NULL, 2,1, 3000,2000,4000, 120,60,60, 0,0, NOW(),NOW(),1,1,0),

    (8000000000000000036,1,9000000000000000036, NOW() + INTERVAL 36 DAY, NOW() + INTERVAL 36 DAY + INTERVAL 2 HOUR, NOW() + INTERVAL 6 HOUR, NULL, 1,1, 5200,4200,6200, 100,100,0, 0,0, NOW(),NOW(),1,1,0),
    (8000000000000000037,1,9000000000000000037, NOW() + INTERVAL 37 DAY, NOW() + INTERVAL 37 DAY + INTERVAL 2 HOUR, NOW() - INTERVAL 2 HOUR, NULL, 2,1, 6100,5100,7100, 150,90,60, 0,0, NOW(),NOW(),1,1,0),
    (8000000000000000038,1,9000000000000000038, NOW() + INTERVAL 38 DAY, NOW() + INTERVAL 38 DAY + INTERVAL 2 HOUR, NOW() + INTERVAL 10 HOUR, NULL, 1,1, 2600,1600,3600, 80,80,0, 0,0, NOW(),NOW(),1,1,0),
    (8000000000000000039,1,9000000000000000039, NOW() + INTERVAL 39 DAY, NOW() + INTERVAL 39 DAY + INTERVAL 2 HOUR, NOW() - INTERVAL 30 MINUTE, NULL, 2,1, 4400,3400,5400, 100,40,60, 0,0, NOW(),NOW(),1,1,0),
    (8000000000000000040,1,9000000000000000040, NOW() + INTERVAL 40 DAY, NOW() + INTERVAL 40 DAY + INTERVAL 2 HOUR, NOW() + INTERVAL 1 DAY, NULL, 1,1, 4600,3600,5600, 90,90,0, 0,0, NOW(),NOW(),1,1,0),

    (8000000000000000041,1,9000000000000000041, NOW() + INTERVAL 41 DAY, NOW() + INTERVAL 41 DAY + INTERVAL 2 HOUR, NOW() - INTERVAL 10 MINUTE, NULL, 2,1, 2400,1400,3400, 70,50,20, 0,0, NOW(),NOW(),1,1,0),
    (8000000000000000042,1,9000000000000000042, NOW() + INTERVAL 42 DAY, NOW() + INTERVAL 42 DAY + INTERVAL 2 HOUR, NOW() + INTERVAL 3 HOUR, NULL, 1,1, 3900,2900,4900, 100,100,0, 0,0, NOW(),NOW(),1,1,0),
    (8000000000000000043,1,9000000000000000043, NOW() + INTERVAL 43 DAY, NOW() + INTERVAL 43 DAY + INTERVAL 2 HOUR, NOW() - INTERVAL 1 HOUR, NULL, 2,1, 5800,4800,6800, 120,80,40, 0,0, NOW(),NOW(),1,1,0),
    (8000000000000000044,1,9000000000000000044, NOW() + INTERVAL 44 DAY, NOW() + INTERVAL 44 DAY + INTERVAL 2 HOUR, NOW() - INTERVAL 20 MINUTE, NULL, 2,1, 5100,4100,6100, 120,75,45, 0,0, NOW(),NOW(),1,1,0),
    (8000000000000000045,1,9000000000000000045, NOW() + INTERVAL 45 DAY, NOW() + INTERVAL 45 DAY + INTERVAL 2 HOUR, NOW() + INTERVAL 6 HOUR, NULL, 1,1, 5600,4600,6600, 110,110,0, 0,0, NOW(),NOW(),1,1,0),

    (8000000000000000046,1,9000000000000000046, NOW() + INTERVAL 46 DAY, NOW() + INTERVAL 46 DAY + INTERVAL 2 HOUR, NOW() - INTERVAL 30 MINUTE, NULL, 2,1, 3300,2300,4300, 90,30,60, 0,0, NOW(),NOW(),1,1,0),
    (8000000000000000047,1,9000000000000000047, NOW() + INTERVAL 47 DAY, NOW() + INTERVAL 47 DAY + INTERVAL 2 HOUR, NOW() - INTERVAL 2 HOUR, NULL, 2,1, 4200,3200,5200, 120,60,60, 0,0, NOW(),NOW(),1,1,0),
    (8000000000000000048,1,9000000000000000048, NOW() + INTERVAL 48 DAY, NOW() + INTERVAL 48 DAY + INTERVAL 2 HOUR, NOW() + INTERVAL 8 HOUR, NULL, 1,1, 2800,1800,3800, 100,100,0, 0,0, NOW(),NOW(),1,1,0),
    (8000000000000000049,1,9000000000000000049, NOW() + INTERVAL 49 DAY, NOW() + INTERVAL 49 DAY + INTERVAL 2 HOUR, NOW() - INTERVAL 15 MINUTE, NULL, 2,1, 4000,3000,5000, 100,55,45, 0,0, NOW(),NOW(),1,1,0),
    (8000000000000000050,1,9000000000000000050, NOW() + INTERVAL 50 DAY, NOW() + INTERVAL 50 DAY + INTERVAL 2 HOUR, NOW() - INTERVAL 1 HOUR, NULL, 2,1, 6200,5200,7200, 180,130,50, 0,0, NOW(),NOW(),1,1,0)
    ON DUPLICATE KEY UPDATE id=id;

-- =========================================
-- DEMO HOT RANK (ADD 30) 0021 ~ 0050
-- =========================================
INSERT INTO hot_rank
(id, stat_date, screening_id, score, sold_cnt, order_cnt, create_time, update_time, create_by, deleted)
VALUES
    (7000000000000000021, CURDATE(), 8000000000000000021,  9400, 25, 18, NOW(), NOW(), 1, 0),
    (7000000000000000022, CURDATE(), 8000000000000000022,  5200,  0,  0, NOW(), NOW(), 1, 0),
    (7000000000000000023, CURDATE(), 8000000000000000023, 12800, 30, 21, NOW(), NOW(), 1, 0),
    (7000000000000000024, CURDATE(), 8000000000000000024,  6100,  0,  0, NOW(), NOW(), 1, 0),
    (7000000000000000025, CURDATE(), 8000000000000000025, 15500, 80, 52, NOW(), NOW(), 1, 0),

    (7000000000000000026, CURDATE(), 8000000000000000026,  6800,  0,  0, NOW(), NOW(), 1, 0),
    (7000000000000000027, CURDATE(), 8000000000000000027, 14000, 35, 26, NOW(), NOW(), 1, 0),
    (7000000000000000028, CURDATE(), 8000000000000000028,  5900,  0,  0, NOW(), NOW(), 1, 0),
    (7000000000000000029, CURDATE(), 8000000000000000029, 11200, 35, 24, NOW(), NOW(), 1, 0),
    (7000000000000000030, CURDATE(), 8000000000000000030,  5400,  0,  0, NOW(), NOW(), 1, 0),

    (7000000000000000031, CURDATE(), 8000000000000000031, 17000, 30, 22, NOW(), NOW(), 1, 0),
    (7000000000000000032, CURDATE(), 8000000000000000032,  6000,  0,  0, NOW(), NOW(), 1, 0),
    (7000000000000000033, CURDATE(), 8000000000000000033, 21000, 60, 44, NOW(), NOW(), 1, 0),
    (7000000000000000034, CURDATE(), 8000000000000000034,  4800,  0,  0, NOW(), NOW(), 1, 0),
    (7000000000000000035, CURDATE(), 8000000000000000035, 13200, 60, 41, NOW(), NOW(), 1, 0),

    (7000000000000000036, CURDATE(), 8000000000000000036,  7300,  0,  0, NOW(), NOW(), 1, 0),
    (7000000000000000037, CURDATE(), 8000000000000000037, 16000, 60, 39, NOW(), NOW(), 1, 0),
    (7000000000000000038, CURDATE(), 8000000000000000038,  4100,  0,  0, NOW(), NOW(), 1, 0),
    (7000000000000000039, CURDATE(), 8000000000000000039, 15000, 60, 40, NOW(), NOW(), 1, 0),
    (7000000000000000040, CURDATE(), 8000000000000000040,  5200,  0,  0, NOW(), NOW(), 1, 0),

    (7000000000000000041, CURDATE(), 8000000000000000041,  9800, 20, 14, NOW(), NOW(), 1, 0),
    (7000000000000000042, CURDATE(), 8000000000000000042,  6400,  0,  0, NOW(), NOW(), 1, 0),
    (7000000000000000043, CURDATE(), 8000000000000000043, 17500, 40, 28, NOW(), NOW(), 1, 0),
    (7000000000000000044, CURDATE(), 8000000000000000044, 16800, 45, 31, NOW(), NOW(), 1, 0),
    (7000000000000000045, CURDATE(), 8000000000000000045,  7200,  0,  0, NOW(), NOW(), 1, 0),

    (7000000000000000046, CURDATE(), 8000000000000000046, 14300, 60, 38, NOW(), NOW(), 1, 0),
    (7000000000000000047, CURDATE(), 8000000000000000047, 15800, 60, 36, NOW(), NOW(), 1, 0),
    (7000000000000000048, CURDATE(), 8000000000000000048,  5600,  0,  0, NOW(), NOW(), 1, 0),
    (7000000000000000049, CURDATE(), 8000000000000000049, 15100, 45, 30, NOW(), NOW(), 1, 0),
    (7000000000000000050, CURDATE(), 8000000000000000050, 19000, 50, 34, NOW(), NOW(), 1, 0)
    ON DUPLICATE KEY UPDATE
                         stat_date   = VALUES(stat_date),
                         score       = VALUES(score),
                         sold_cnt    = VALUES(sold_cnt),
                         order_cnt   = VALUES(order_cnt),
                         update_time = VALUES(update_time),
                         create_by   = VALUES(create_by),
                         deleted     = VALUES(deleted);


use meteor_user;
SET FOREIGN_KEY_CHECKS = 0;


INSERT INTO merchant_apply
(id,user_id,shop_name,apply_reason,status,create_time)
VALUES
    (300,300,'星河影院','想卖电影票',0,NOW()),
    (301,301,'午夜放映室','热爱电影事业',1,NOW()),
    (302,302,'柠檬影咖','副业创业',2,NOW()),
    (303,303,'蓝调影院','兴趣使然',0,NOW()),
    (304,304,'黑猫电影铺','希望拓展业务',1,NOW()),
    (305,305,'极光影院','线下转线上',0,NOW()),
    (306,306,'小宇宙影厅','测试申请',2,NOW()),
    (307,307,'像素影院','AI推荐平台',0,NOW()),
    (308,308,'银河放映局','电影爱好者',1,NOW()),
    (309,309,'光影研究所','技术实验',0,NOW()),

    (310,310,'流星影吧','扩展业务',0,NOW()),
    (311,311,'山海电影社','社团经营',1,NOW()),
    (312,312,'白昼影院','想赚钱',0,NOW()),
    (313,313,'夜航船影城','增加曝光',2,NOW()),
    (314,314,'时光机影院','怀旧主题',0,NOW()),
    (315,315,'云端影城','线上影院',1,NOW()),
    (316,316,'零号放映厅','测试数据',0,NOW()),
    (317,317,'未来电影铺','新品牌',0,NOW()),
    (318,318,'火星影城','科技风格',2,NOW()),
    (319,319,'银翼影院','赛博朋克',0,NOW()),

    (320,320,'日落影吧','文艺风格',1,NOW()),
    (321,321,'旧城影院','社区经营',0,NOW()),
    (322,322,'白熊影城','家庭影院',0,NOW()),
    (323,323,'雨夜电影社','爱好组织',2,NOW()),
    (324,324,'光速影院','高速出票',0,NOW()),
    (325,325,'量子影厅','实验性质',1,NOW()),
    (326,326,'风暴放映','娱乐项目',0,NOW()),
    (327,327,'星辰影院','宇宙主题',0,NOW()),
    (328,328,'晨曦影城','新品牌',1,NOW()),
    (329,329,'幻影放映厅','测试环境',2,NOW()),

    (330,330,'云海影咖','小店创业',0,NOW()),
    (331,331,'彩虹影社','兴趣小组',1,NOW()),
    (332,332,'黑洞影院','极简风格',0,NOW()),
    (333,333,'红月影城','主题影院',0,NOW()),
    (334,334,'流光影厅','灯光秀',2,NOW()),
    (335,335,'幻梦影院','梦境主题',0,NOW()),
    (336,336,'银星影咖','副业发展',1,NOW()),
    (337,337,'极夜影院','深夜场',0,NOW()),
    (338,338,'白夜影厅','文艺向',0,NOW()),
    (339,339,'浮光影院','试运营',1,NOW()),

    (340,340,'暗影电影铺','个人创业',0,NOW()),
    (341,341,'海风影院','海岛主题',0,NOW()),
    (342,342,'雪原影厅','北欧风',2,NOW()),
    (343,343,'星环影院','科技品牌',0,NOW()),
    (344,344,'青空影社','校园组织',1,NOW()),
    (345,345,'雷霆影城','电竞联动',0,NOW()),
    (346,346,'浮岛影院','概念店',0,NOW()),
    (347,347,'流云影厅','轻资产测试',2,NOW()),
    (348,348,'深蓝影院','沉浸式',0,NOW()),
    (349,349,'无限放映厅','终极测试',1,NOW());

SET FOREIGN_KEY_CHECKS = 1;

use meteor_admin;
SET FOREIGN_KEY_CHECKS = 0;
INSERT INTO merchant_apply
(id,apply_id,user_id,shop_name,apply_reason,status,reject_reason,reviewed_by,reviewed_time)
VALUES
    (300,300,300,'星河影院','想卖电影票',0,NULL,NULL,NULL),
    (301,301,301,'午夜放映室','热爱电影事业',1,NULL,9001,NOW()),
    (302,302,302,'柠檬影咖','副业创业',2,'资料不足',9001,NOW()),
    (303,303,303,'蓝调影院','兴趣使然',0,NULL,NULL,NULL),
    (304,304,304,'黑猫电影铺','希望拓展业务',1,NULL,9001,NOW()),
    (305,305,305,'极光影院','线下转线上',0,NULL,NULL,NULL),
    (306,306,306,'小宇宙影厅','测试申请',2,'重复申请',9002,NOW()),
    (307,307,307,'像素影院','AI推荐平台',0,NULL,NULL,NULL),
    (308,308,308,'银河放映局','电影爱好者',1,NULL,9002,NOW()),
    (309,309,309,'光影研究所','技术实验',0,NULL,NULL,NULL),

    (310,310,310,'流星影吧','扩展业务',0,NULL,NULL,NULL),
    (311,311,311,'山海电影社','社团经营',1,NULL,9001,NOW()),
    (312,312,312,'白昼影院','想赚钱',0,NULL,NULL,NULL),
    (313,313,313,'夜航船影城','增加曝光',2,'信息不全',9003,NOW()),
    (314,314,314,'时光机影院','怀旧主题',0,NULL,NULL,NULL),
    (315,315,315,'云端影城','线上影院',1,NULL,9003,NOW()),
    (316,316,316,'零号放映厅','测试数据',0,NULL,NULL,NULL),
    (317,317,317,'未来电影铺','新品牌',0,NULL,NULL,NULL),
    (318,318,318,'火星影城','科技风格',2,'风控拒绝',9002,NOW()),
    (319,319,319,'银翼影院','赛博朋克',0,NULL,NULL,NULL),

    (320,320,320,'日落影吧','文艺风格',1,NULL,9001,NOW()),
    (321,321,321,'旧城影院','社区经营',0,NULL,NULL,NULL),
    (322,322,322,'白熊影城','家庭影院',0,NULL,NULL,NULL),
    (323,323,323,'雨夜电影社','爱好组织',2,'资质不足',9002,NOW()),
    (324,324,324,'光速影院','高速出票',0,NULL,NULL,NULL),
    (325,325,325,'量子影厅','实验性质',1,NULL,9003,NOW()),
    (326,326,326,'风暴放映','娱乐项目',0,NULL,NULL,NULL),
    (327,327,327,'星辰影院','宇宙主题',0,NULL,NULL,NULL),
    (328,328,328,'晨曦影城','新品牌',1,NULL,9001,NOW()),
    (329,329,329,'幻影放映厅','测试环境',2,'测试拒绝',9003,NOW()),

    (330,330,330,'云海影咖','小店创业',0,NULL,NULL,NULL),
    (331,331,331,'彩虹影社','兴趣小组',1,NULL,9002,NOW()),
    (332,332,332,'黑洞影院','极简风格',0,NULL,NULL,NULL),
    (333,333,333,'红月影城','主题影院',0,NULL,NULL,NULL),
    (334,334,334,'流光影厅','灯光秀',2,'信息异常',9003,NOW()),
    (335,335,335,'幻梦影院','梦境主题',0,NULL,NULL,NULL),
    (336,336,336,'银星影咖','副业发展',1,NULL,9001,NOW()),
    (337,337,337,'极夜影院','深夜场',0,NULL,NULL,NULL),
    (338,338,338,'白夜影厅','文艺向',0,NULL,NULL,NULL),
    (339,339,339,'浮光影院','试运营',1,NULL,9002,NOW()),

    (340,340,340,'暗影电影铺','个人创业',0,NULL,NULL,NULL),
    (341,341,341,'海风影院','海岛主题',0,NULL,NULL,NULL),
    (342,342,342,'雪原影厅','北欧风',2,'风控拒绝',9003,NOW()),
    (343,343,343,'星环影院','科技品牌',0,NULL,NULL,NULL),
    (344,344,344,'青空影社','校园组织',1,NULL,9001,NOW()),
    (345,345,345,'雷霆影城','电竞联动',0,NULL,NULL,NULL),
    (346,346,346,'浮岛影院','概念店',0,NULL,NULL,NULL),
    (347,347,347,'流云影厅','轻资产测试',2,'重复数据',9002,NOW()),
    (348,348,348,'深蓝影院','沉浸式',0,NULL,NULL,NULL),
    (349,349,349,'无限放映厅','终极测试',1,NULL,9003,NOW());
SET FOREIGN_KEY_CHECKS = 1;
